GL Surface Station,GL Underground Station,Connecting Station,Heavy Rail Underground Station,Heavy Rail Surface Station,SL Underground Station
Northeastern,Lechmere,Park St,Alewife,JFK/Umass,Courthouse
MFA,Science Park,DTX,Davis,North Quincy,WTC
Longwood,Boylston,South Station,Porter,Wollaston,Silver Line Way
Brigham Circle,Arlington,North Station,Harvard,Quincy Center,
Fenwood Road,Copley,Haymarket,Central,Quincy Adams,
Mission Park,Prudential,Govt Ctr,Kendall,Braintree,
Riverway,Symphony,State St,MGH,Savin Hill,
Back of the Hill,Arlington,,Broadway,Fields Corner,
Heath Street,Kenmore,,Andrew,Cedar Grove,
Fenway,Hynes,,Shawmut,Butler,
Longwood,,,Ashmont,Milton,
Brookline Village,,,Chinatown,Central Ave,
Brookline Hills,,,Tufts,Valley Road,
Beaconsfield,,,Jackson Square,Capen Street,
Reservoir,,,Stony Brook,Mattapan,
Chestnut Hill,,,Forest Hills,Oak Grove,
Newton Centre,,,Maverick,Malden Center,
Newton Highlands,,,Aquarium,Wellington,
Eliot,,,Bowdoin,Sullivan Square,
Waban,,,,Community College,
Woodland,,,,Back Bay,
Riverside,,,,Massachusetts Ave,
St Marys St,,,,Ruggles,
Hawes Street,,,,Roxbury Crossing,
Kent Street,,,,Green Street,
Saint Paul Street,,,,Wonderland,
Coolidge Corner,,,,Revere Beach,
Summit Ave,,,,Beachmont,
Brandon Hall,,,,Suffolk Downs,
Fairbanks Street,,,,Orient Heights,
Washington Square,,,,Wood Island,
Tappan Street,,,,Airport,
Dean Road,,,,Assembly,
Englewood Ave,,,,,
Cleveland Circle,,,,,
Blandford Street,,,,,
BU East,,,,,
BU Central,,,,,
BU West,,,,,
St Paul Street,,,,,
Pleasant Street,,,,,
Babcock Street,,,,,
Packards Corner,,,,,
Harvard Ave,,,,,
Griggs Street,,,,,
Allston Street,,,,,
Warren Street,,,,,
Washington Street,,,,,
Sutherland Road,,,,,
Chiswick Road,,,,,
Chestnut Hill Ave,,,,,
South Street,,,,,
Boston College,,,,,
