RL,OL,BL,GL,SL,Connecting
Alewife,Oak Grove,Maverick,Lechmere,Courthouse,Park St
Davis,Malden Center,Aquarium,Science Park,WTC,DTX
Porter,Wellington,Bowdoin,Boylston,Silver Line Way,South Station
Harvard,Assembly,Airport,Arlington,,North Station
Central,Sullivan Square,Wood Island,Copley,,Haymarket
Kendall,Community College,Orient Heights,Prudential,,Govt Ctr
MGH,Chinatown,Suffolk Downs,Symphony,,State St
Broadway,Tufts,Beachmont,Arlington,,
Andrew,Back Bay,Revere Beach,Kenmore,,
JFK/Umass,Massachusetts Ave,Wonderland,Hynes,,
North Quincy,Ruggles,Orient Heights Yard,Northeastern,,
Wollaston,Roxbury Crossing,,MFA,,
Quincy Center,Green Street,,Longwood,,
Quincy Adams,Jackson Square,,Brigham Circle,,
Braintree,Stony Brook,,Fenwood Road,,
Savin Hill,Forest Hills,,Mission Park,,
Fields Corner,Wellington Yard,,Riverway,,
Cedar Grove,,,Back of the Hill,,
Butler,,,Heath Street,,
Milton,,,Fenway,,
Central Ave,,,Longwood,,
Valley Road,,,Brookline Village,,
Capen Street,,,Brookline Hills,,
Mattapan,,,Beaconsfield,,
Shawmut,,,Reservoir,,
Ashmont,,,Chestnut Hill,,
Alewife Yard,,,Newton Centre,,
Cabot Yard,,,Newton Highlands,,
Codman Yard,,,Eliot,,
,,,Waban,,
,,,Woodland,,
,,,Riverside,,
,,,Saint Marys Street,,
,,,Hawes Street,,
,,,Kent Street,,
,,,Saint Paul Street,,
,,,Coolidge Corner,,
,,,Summit Ave,,
,,,Brandon Hall,,
,,,Fairbanks Street,,
,,,Washington Square,,
,,,Tappan Street,,
,,,Dean Road,,
,,,Englewood Ave,,
,,,Cleveland Circle,,
,,,Blandford Street,,
,,,BU East,,
,,,BU Central,,
,,,BU West,,
,,,St Paul Street,,
,,,Pleasant Street,,
,,,Babcock Street,,
,,,Packards Corner,,
,,,Harvard Ave,,
,,,Griggs Street,,
,,,Allston Street,,
,,,Warren Street,,
,,,Washington Street,,
,,,Sutherland Road,,
,,,Chiswick Road,,
,,,Chestnut Hill Ave,,
,,,South Street,,
,,,Boston College,,
